response,clause,category,commitment_key,verbatim_quote,condition_or_exception
A,A1,SIL,functional_fit,confirms full functional coverage of the scope,
A,A2,SIL,dispatch_48h,supports high-velocity dispatch operations including same-day and 48-hour dispatch workflows,
A,A3,OBL,erp_integration_standard_interface,will deliver a standard ERP integration using our published REST interface,
A,A4,SIL,carrier_integration,pre-built connections to more than sixty carriers,
A,A5,OBL,data_migration,"will migrate stock records, location data and open orders",
A,A5,EXCL,data_migration,The customer is responsible for data extraction and data quality.,
A,A6,SIL,implementation_method,a proven five-phase approach refined across more than 400 implementations,
A,A7,SIL,timetable,Indicative timetable: 26 weeks,
A,A8,SIL,availability,commits to a platform availability target of 99.7%,measured monthly
A,A8,EXCL,availability,excluding planned maintenance,measured monthly
A,A9,OBL,maintenance_notice_5d,Planned maintenance windows are notified not less than five working days in advance.,
A,A10,SIL,service_credits,can be discussed as part of commercial negotiation,
A,A11,SIL,support_hours,follow-the-sun coverage,
A,A12,OBL,sev1_response_1h,Severity 1 incidents receive a response within one hour.,
A,A13,OBL,training_supervisors,will provide a train-the-trainer programme covering 14 supervisor users,
A,A13,EXCL,training_all_users,Onward training of warehouse users is delivered by the customer,
A,A14,OBL,data_in_eu,hosted in our Frankfurt and Amsterdam regions,
A,A15,SIL,reporting,more than 200 standard reports and a self-service report builder,
A,A16,SIL,dispatch_measurement,Performance measurement against dispatch commitments is fully supported,
A,A17,SIL,scalability,architected for scale and additional sites can be onboarded rapidly,
A,A18,TERM,release_policy,New functionality is delivered to all customers automatically.,
A,A19,OBL,release_support_18m,Releases are supported for 18 months from general availability.,
A,A19,TERM,release_policy,Customers are expected to remain on a supported release.,
A,A20,TERM,licensing,"per named user per annum, with a minimum commitment of 140 users",
A,A21,TERM,indexation,Annual licence uplift is applied each year in line with our published rate card.,
A,A22,TERM,implementation_price,Implementation is quoted as a fixed price based on the scope as understood,
A,A23,TERM,contract_terms,standard Master Services Agreement applies,
A,A23,SIL,contract_terms,A copy is available on request.,
A,A24,TERM,liability_cap,limit liability to the fees paid in the preceding twelve months,
A,A25,SIL,partnership,committed to a long-term partnership with Northvale and to your continued success,
A,A26,SIL,exit_data,Customer data may be exported on request in a standard format.,
A,A27,OBL,iso27001,maintains ISO 27001 certification across our hosting operations,
A,A28,OBL,subprocessor_register,Sub-processors are listed in our published sub-processor register.,
A,A29,SIL,subcontracting,drawn from Meridian's delivery organisation and approved delivery partners,
A,A30,SIL,other,We would be pleased to discuss any specific requirements not addressed above.,
B,B1,OBL,deliver_scope,Hartlowe will deliver the scope in section 2,
B,B2,OBL,dispatch_elapsed_report,will report elapsed time between those two events per order line,
B,B3,OBL,dispatch_report_day_one,available as a standard report from day one of each site go-live,
B,B3,OBL,raw_data_export_free,raw order-level data is exportable in CSV without charge at any time,without charge at any time
B,B4,EXCL,dispatch_48h,Hartlowe makes no commitment as to whether Northvale achieves 48-hour dispatch.,
B,B5,OBL,erp_integration_confirmed_version_tested_jointly,"ERP integration will be built by Hartlowe against the ERP version Northvale confirms, tested jointly",
B,B5,TERM,implementation_price,Two integration change requests are included in the implementation fee.,
B,B6,OBL,carrier_integration_all_three,Carrier integrations to Northvale's three carriers are included,
B,B6,TERM,carrier_price,"Additional carriers are quoted at £6,500 each.",
B,B7,OBL,data_migration,Hartlowe will perform data migration.,
B,B7,SIL,data_migration,in an agreed format by the date in the project plan,
B,B7,OBL,trial_migrations,Hartlowe will run two trial migrations before cutover.,
B,B8,SIL,timetable,Indicative timetable: 31 weeks,
B,B8,EXCL,timetable,Hartlowe will not compress site go-lives below 6 weeks.,
B,B9,OBL,availability_incl_maintenance,"99.5% measured monthly during Northvale's operating hours, including all maintenance",
B,B10,TERM,service_credits,Northvale may claim a credit of 5% of that month's support fee per 0.1% shortfall,to a maximum of 30% of the monthly fee
B,B11,TERM,service_credits,Hartlowe does not apply credits automatically.,in writing within 30 days
B,B12,OBL,sev1_response_1h,Severity 1: response within 1 hour,
B,B12,OBL,sev1_restoration_8h,restoration or documented workaround within 8 working hours,
B,B13,OBL,sev2_response_4h,Severity 2: response within 4 hours,
B,B13,OBL,sev2_resolution_5d,resolution within 5 working days,
B,B14,OBL,support_hours_mon_sat,Support hours are 06:00 to 20:00 CET Monday to Saturday.,
B,B14,OBL,sev1_oncall,an on-call number is provided for Severity 1 only,for Severity 1 only
B,B15,OBL,training_all_users,will train all 120 warehouse users on site,
B,B15,OBL,training_refresher,will provide refresher training at 90 days after each go-live,
B,B16,OBL,data_in_eu,Hosting is in Frankfurt.,
B,B16,OBL,no_data_move_without_consent,will not move Northvale data outside the European Union without 90 days written notice and Northvale's consent,
B,B17,OBL,exit_export_free,"complete data export in CSV and in the documented database schema, within 15 working days, at no charge",
B,B18,OBL,successor_cooperation,co-operation to a successor supplier for 90 days after termination,for 90 days after termination
B,B18,SIL,successor_cooperation,reasonable co-operation,for 90 days after termination
B,B18,TERM,successor_cooperation,chargeable at our standard day rate,for 90 days after termination
B,B19,TERM,licensing,Licensing is per concurrent user.,
B,B19,SIL,licensing,Northvale's stated volumes indicate 85 concurrent licences.,
B,B20,TERM,indexation,Annual uplift is the lower of CPI or 4%,
B,B21,TERM,implementation_price,The price is valid for 90 days from the date of this response.,valid for 90 days
B,B22,TERM,liability_cap,"limit liability to the greater of £750,000 or the fees paid in the preceding twelve months",
B,B22,TERM,data_loss_uncapped,Liability for loss of or corruption of Northvale data caused by Hartlowe is not subject to that cap.,caused by Hartlowe
B,B23,TERM,consequential_loss,Indirect and consequential loss is excluded.,
B,B24,OBL,no_subcontracting,Hartlowe does not sub-contract implementation.,
B,B25,OBL,named_personnel,will name the implementation lead and two senior consultants in the contract,
B,B25,OBL,no_replacement_without_consent,will not replace them without Northvale's written agreement,except on termination of employment
B,B26,EXCL,returns,"three-tier returns inspection is not supported without development, quoted separately at £84,000",
B,B27,EXCL,hardware,Hartlowe does not provide handheld hardware.,
B,B27,OBL,device_support,We support the two device families listed in appendix 4.,
B,B28,OBL,iso27001,holds ISO 27001 for its hosting and development operations,
B,B29,OBL,roadmap_published,product roadmap is published to customers quarterly,
B,B29,EXCL,roadmap_dates,Hartlowe does not commit to roadmap dates in contract.,
C,C1,SIL,functional_fit,meets the requirements of section 3,
C,C2,SIL,dispatch_48h,readily supports 48-hour and shorter dispatch cycles,
C,C3,SIL,stock_visibility,Real-time multi-site stock visibility is a core capability,
C,C4,SIL,device_support,fully supported across all major handheld device platforms,
C,C5,SIL,reporting,comprehensive operational reporting out of the box,
C,C6,OBL,erp_integration_via_platform,Integration with the customer's ERP will be achieved through our integration platform,
C,C6,SIL,erp_integration,supports all common enterprise systems,
C,C7,SIL,erp_integration,scoping will be undertaken during the discovery phase following contract award,
C,C8,SIL,carrier_integration,delivered via our logistics partner ecosystem,
C,C9,OBL,data_migration,Calderon will lead the data migration workstream,
C,C10,SIL,timetable,Our proposed timetable is 22 weeks to first go-live,
C,C11,SIL,timetable,accelerated template approach,
C,C12,SIL,availability,Calderon targets 99.9% platform availability,
C,C13,SIL,support_hours,proactive service management and a named Customer Success Manager,
C,C14,SIL,sev1_response_1h,Incident response times are set out in our Service Description document.,
C,C15,OBL,training_academy_access,unlimited access for all licensed users,
C,C16,OBL,training_supervisors,Supervisor enablement sessions are delivered on site during each go-live.,
C,C17,OBL,data_in_eu,EU data residency is available and will be configured for Northvale.,
C,C18,SIL,dispatch_measurement,Enhanced dispatch performance analytics are on our published roadmap for release in Q1 2027.,
C,C19,SIL,roadmap_dates,scheduled for the following release,
C,C20,SIL,scalability,invests over 18% of revenue in research and development,
C,C21,TERM,licensing,Licensing is per site plus a volume-based transaction component.,
C,C22,TERM,licensing,Transaction volumes above the contracted band are charged at the rates in appendix 2.,
C,C23,TERM,indexation,Annual increases are applied in accordance with our standard commercial terms.,
C,C24,TERM,implementation_price,quoted on a time and materials basis,
C,C24,SIL,implementation_price,an indicative estimate provided in appendix 1,
C,C25,TERM,contract_terms,standard terms and conditions apply,
C,C25,SIL,contract_terms,a summary of which is at appendix 5,
C,C26,SIL,subcontracting,will confirm the delivery model at contract stage,
C,C27,SIL,partnership,the strongest strategic fit for Northvale's ambitions,
C,C28,SIL,other,would welcome the opportunity to discuss commercial flexibility,
D,D1,OBL,deliver_scope,will supply and implement the Pellworth WMS in accordance with section 2,
D,D2,SIL,dispatch_48h,The platform handles dispatch scheduling,
D,D2,OBL,cutoff_configured,will be configured to reflect Northvale's 14:00 order cut-off,
D,D3,OBL,stock_sync_15min,The default cycle is 15 minutes and is configurable.,
D,D4,OBL,device_support,supported on Android devices running version 11 or later,
D,D5,OBL,erp_integration_scope_after_workshop,Pellworth will build the ERP integration.,
D,D5,EXCL,erp_integration,confirmed following a chargeable discovery workshop,
D,D6,OBL,carrier_integration_two,Two carrier integrations are included.,
D,D6,EXCL,carrier_integration,The third will be quoted following review,
D,D7,EXCL,data_migration,Data migration is provided as an optional service and is not included in the price,
D,D8,SIL,timetable,Indicative timetable: 20 weeks to first site.,
D,D9,SIL,availability,Availability target is 99.5% measured annually.,measured annually
D,D10,OBL,support_hours_mon_fri,Support is provided 08:00 to 18:00 CET Monday to Friday,excluding public holidays in the Republic of Ireland
D,D11,SIL,sev1_response_1h,"contained in our support handbook, which is updated from time to time",
D,D12,OBL,training_remote,Training is delivered remotely.,
D,D12,EXCL,training_all_users,On-site training is available at additional cost.,
D,D13,OBL,data_in_eu,Hosting is provided on a major public cloud in an EU region.,
D,D14,SIL,subcontracting,The partner will be confirmed at contract stage.,
D,D15,EXCL,named_personnel,Pellworth is unable to name individual consultants at this stage.,
D,D16,TERM,licensing,Licensing is per named user with a three-year minimum term.,
D,D17,TERM,indexation,"Annual uplift is 6% or CPI, whichever is higher.",
D,D19,TERM,liability_cap,limit liability to 50% of the fees paid in the preceding twelve months,
D,D20,TERM,suspension_right,reserves the right to suspend the service in the event of non-payment beyond 30 days,
D,D21,OBL,exit_data_30d,customer data is made available for 30 days in Pellworth's native export format,for 30 days
D,D21,EXCL,exit_data,Extraction assistance is chargeable.,
D,D22,OBL,iso9001,Pellworth holds ISO 9001.,
D,D22,EXCL,iso27001,ISO 27001 certification is being pursued.,
D,D23,SIL,partnership,long-established provider with deep sector knowledge,
D,D24,SIL,other,would be pleased to arrange a reference visit,
